MONSTER	METHOD	SECONDARY REQUIREMENT	EVOLVES INTO	FORM FAMILY	
					
Calf	EVO_ITEM	DEATH_RUNE	Cow_Plague_Form		
Calf	EVO_LEVEL_FEMALE	19	Cow		
Calf	EVO_LEVEL_MALE	19	Bull		
Calf	EVO_ITEM	VANILLA_MILK	Cow_Vanilla_Form		
Calf	EVO_ITEM	STRAWBERRY_MILK	Cow_Strawberry_Form		
Calf	EVO_ITEM	CHOCOLATE_MILK	Cow_Chocolate_Form		
Calf	EVO_ITEM	CHAOS_RUNE	Minotaur_Normal_Form		
Calf	EVO_LEVEL_MAP_MORYTANIA	19	Cow_Undead_Form		
Calf	EVO_SPECIFIC_MON_IN_PARTY	Ram_Golden_Form	Trojan_Cow		
Calf	EVO_SPECIFIC_MON_IN_PARTY	Unicorn_White_Form	Unicow		
Cow	EVO_LEVEL_FEMALE_DEATH	32	SkeletalOx_Female_Form		//Multiple Methods.
Cow	EVO_ITEM	DEATH_RUNE	SkeletalOx_Female_Form		//Multiple Methods.
Cow	EVO_LEVEL_ATK_LT_DEF	32	Cow_Dairy_Form		
Cow	EVO_LEVEL_ATK_GT_DEF	32	Super_Cow		
Cow_Undead_Form	EVO_SPECIFIC_MON_IN_PARTY	Vulture	SkeletalOx_Female_Form		
Cow_Undead_Form	EVO_SPECIFIC_MON_IN_PARTY	Vultling	SkeletalOx_Female_Form		
Cow_Undead_Form	EVO_SPECIFIC_MON_IN_PARTY	Vulture_RSHD_Form	SkeletalOx_Female_Form		
Cow_Undead_Form	EVO_SPECIFIC_MON_IN_PARTY	Vulture_OSRS_Form	SkeletalOx_Female_Form		
Cow_Undead_Form	EVO_SPECIFIC_MON_IN_PARTY	Vulture_RS3_Form	SkeletalOx_Female_Form		
Cow_Undead_Form	EVO_SPECIFIC_MON_IN_PARTY	Vulture_Pink_Form	SkeletalOx_Female_Form		
Cow_Strawberry_Form	EVO_MOVE	RAPID_SPIN	Cow_Harlequin_Form		//RAPID_SPIN learn at level 34
Cow_Vanilla_Form	EVO_MOVE	RAPID_SPIN	Cow_Harlequin_Form		//RAPID_SPIN learn at level 34
Cow_Chocolate_Form	EVO_MOVE	RAPID_SPIN	Cow_Harlequin_Form		//RAPID_SPIN learn at level 34
Bull	EVO_ITEM	CHAOS_RUNE	Catablepon		
Bull	EVO_LEVEL	32	Bull_Elder_Form		//JUMP_KICK learn at level 35
Bull	EVO_LEVEL_MALE_DEATH	32	SkeletalOx_Male_Form		//Multiple Methods.
Bull	EVO_ITEM	DEATH_RUNE	SkeletalOx_Male_Form		//Multiple Methods.
					
Minotaur_Normal_Form	EVO_LEVEL	42	Minotaur_Rune_Form		
Minotaur_Normal_Form	EVO_SPECIFIC_MON_IN_PARTY	Animour	Minotaur_Rune_Form		
Minotaur_Normal_Form	EVO_ITEM	DEATH_RUNE	Minotaur_Reanimated_Form		
					
Chick	EVO_LEVEL_FEMALE_MAP_ASGARNIA	17	Chicken_Normal_Form		
Chick	EVO_LEVEL_MALE_MAP_ASGARNIA	17	Rooster_Normal_Form		
Chick	EVO_LEVEL_FEMALE_MAP_MISTHALIN	17	Chicken_Varrock_Form		
Chick	EVO_LEVEL_MALE_MAP_MISTHALIN	17	Rooster_Varrock_Form		
Chick	EVO_LEVEL_FEMALE_MAP_KARAMJA	17	Chicken_Karamja_Form		
Chick	EVO_LEVEL_MALE_MAP_KARAMJA	17	Rooster_Karamja_Form		
Chick	EVO_LEVEL_FEMALE_MAP_KANDARIN	17	Chicken_Bandosian_Form		
Chick	EVO_LEVEL_MALE_MAP_KANDARIN	17	Rooster_Bandosian_Form		
Chick	EVO_LEVEL_FEMALE_MAP_FREMENNIK 	17	Chicken_Bandosian_Form		
Chick	EVO_LEVEL_MALE_MAP_FREMENNIK 	17	Rooster_Bandosian_Form		
Chick	EVO_LEVEL_MAP_WILDERNESS	17	Chicken_Mystery_Form		
Chick	EVO_LEVEL_MAP_MORYTANIA	17	Chicken_Undead_Form		
Chick	EVO_LEVEL_MAP_DESERT	17	Chicken_Lizard_Form		
Chick	EVO_SPECIFIC_MON_IN_PARTY	Gecko	Newtroost		
Chick	EVO_SPECIFIC_MON_IN_PARTY	Swordfish	Swordchick		
Chick	EVO_ITEM	BAD_EGG	EvilChicken		
Chicken_Normal_Form	EVO_LEVEL	28	Dreadfowl		
Chicken_Normal_Form	EVO_SPECIFIC_MON_IN_PARTY	Gilbert	Chicken_Diving_Form		
Chicken_Varrock_Form	EVO_SPECIFIC_MON_IN_PARTY	Gilbert	Chicken_Diving_Form		
Chicken_Varrock_Form	EVO_ITEM	WATER_RUNE	Chicken_Diving_Form		
Chicken_Karamja_Form	EVO_SPECIFIC_MON_IN_PARTY	Gilbert	Chicken_Diving_Form		
Chicken_Karamja_Form	EVO_LEVEL	28	Chicken_Famine_Form		
Chicken_Bandosian_Form	EVO_SPECIFIC_MON_IN_PARTY	Gilbert	Chicken_Diving_Form		
Chicken_Bandosian_Form	EVO_LEVEL	28	Chicken_Pestilence_Form		
Rooster_Normal_Form	EVO_LEVEL	28	Oomlie		
Rooster_Normal_Form	EVO_ITEM	MIND_RUNE	Ernest		
Rooster_Varrock_Form	EVO_ITEM	DEATH_RUNE	Chicken_Death_Form		
Rooster_Karamja_Form	EVO_MOVE	HIGH_JUMP_KICK	Oomlie		//Learns at level 28
Rooster_Bandosian_Form	EVO_LEVEL	28	Chicken_War_Form		
					
Scorpling	EVO_FRIENDSHIP_DAY	200	Dreadnip		
Scorpling	EVO_ITEM	LIFE_RUNE	Scorpia		
Scorpling	EVO_LEVEL_DAY	26	Scorpion_Pit_Form		
Scorpling	EVO_LEVEL_NIGHT	26	Scorpion_Normal_Form		
Scorpling	EVO_ITEM	EARTH_RUNE	Scorpion_King_Form		
Scorpling	EVO_SPECIFIC_MON_IN_PARTY	SCORPION_CORRUPTED_FORM	Scorpion_Gauntlet_Corrupted_Form		//Multiple Methods.
Scorpling	EVO_SPECIFIC_MON_IN_PARTY	SCORPION_GAUNTLET_CRYSTALLINE_FORM	Scorpion_Gauntlet_Corrupted_Form		//Multiple Methods.
Scorpling	EVO_LEVEL_MAP_KANDARIN	26	Scorpion_Khazard_Form		
Scorpling	EVO_SPECIFIC_MON_IN_PARTY	Lobster_Normal_Form	Lobstrocity		
Scorpling	EVO_SPECIFIC_MON_IN_PARTY	Lobster_Golden_Form	Lobstrocity		
Scorpling	EVO_SPECIFIC_MON_IN_PARTY	Lobster_Giant_Form	Lobstrocity		
Scorpling	EVO_SPECIFIC_MON_IN_PARTY	Lobster_Heim_Form	Lobstrocity		
Scorpling	EVO_SPECIFIC_MON_IN_PARTY	Lobster_Obsidian_Form	Lobstrocity		
Scorpion_Pit_Form	EVO_LEVEL	41	Scorpion_Poison_Form		
Scorpion_Pit_Form	EVO_ITEM	SPIRIT CHARM	Scorpion_Spirit_Form		
Scorpion_Pit_Form	EVO_ITEM	CHAOS_RUNE	Scorpion_Corrupted_Form		
Scorpion_Normal_Form	EVO_LEVEL	41	Scorpion_Grave_Form		
Scorpion_Normal_Form	EVO_ITEM	DEATH_RUNE	Scorpion_Reanimated_Form		
Scorpion_Normal_Form	EVO_ITEM	ASTRAL_RUNE	Scorpion_Gauntlet_Crystalline_Form		
					
Hatchling	EVO_ITEM_HOLD	GREEN SCALE	Dragonling_Green_Form		//All Dragons are commonly found with held item scales.
Hatchling	EVO_ITEM_HOLD	BLUE SCALE	Dragonling_Blue_Form		//All Dragons are commonly found with held item scales.
Hatchling	EVO_ITEM_HOLD	RED SCALE	Dragonling_Red_Form		//All Dragons are commonly found with held item scales.
Hatchling	EVO_ITEM_HOLD	BLACK SCALE	Dragonling_Black_Form		//All Dragons are commonly found with held item scales.
Hatchling	EVO_SPECIFIC_MON_IN_PARTY	Maledictus	Revenant_Dragon		
Dragonling_Green_Form	EVO_LEVEL	45	Dragon_Green_Form		
Dragon_Green_Form	EVO_LEVEL	65	Dragon_Brutal_Green_Form		
Dragon_Green_Form	EVO_ITEM	NATURE_RUNE	Dragon_ThreeHeaded_Form		
Dragon_Brutal_Green_Form	EVO_ITEM	LIFE_RUNE	Elvarg		//Item currently does not exist.
Dragonling_Blue_Form	EVO_LEVEL	45	Dragon_Blue_Form		
Dragon_Blue_Form	EVO_LEVEL	65	Dragon_Brutal_Blue_Form		
Dragon_Blue_Form	EVO_LEVEL_FAIRY_TYPE_MON_IN_PARTY	65	Klik		
Dragon_Blue_Form	EVO_ITEM	LIFE_RUNE	Vorkath		
Dragonling_Red_Form	EVO_LEVEL	45	Dragon_Red_Form		
Dragon_Red_Form	EVO_LEVEL	65	Dragon_Brutal_Red_Form		
Dragonling_Black_Form	EVO_LEVEL	45	Dragon_Black_Form		
Dragonling_Black_Form	EVO_ITEM	DEATH_RUNE	Revenant_Dragon		
Dragon_Black_Form	EVO_LEVEL	65	Dragon_Brutal_Black_Form		
Dragon_Brutal_Black_Form	EVO_ITEM_HOLD_MALE	LIFE_RUNE	DRAGON_KING_BLACK_FORM		
Dragon_Brutal_Black_Form	EVO_ITEM_HOLD_FEMALE	LIFE_RUNE	DRAGON_QUEEN_BLACK_FORM		
					
Skeletal_Wyvern	EVO_LEVEL	65	Wyvern		
					
Crayfish	EVO_LEVEL	11	Shrimp		
Shrimp	EVO_LEVEL	19	Lobster_Normal_Form		
Shrimp	EVO_SPECIFIC_MON_IN_PARTY	Zygomite	Lobstrocity		
Lobster_Normal_Form	EVO_LEVEL_WEATHER_HOT	28	Lobster_Golden_Form	consider making one lobster evolve through levelup without weather	//Unnatural Weather located in Random Routes.
Lobster_Normal_Form	EVO_LEVEL_WEATHER_DUSTY	28	Lobster_Giant_Form		//Unnatural Weather located in Random Routes.
Lobster_Normal_Form	EVO_LEVEL_FOG	28	Lobster_Heim_Form		//Unnatural Weather located in Wilderness / Trollheim
Lobster_Normal_Form	EVO_LEVEL_WEATHER_ABNORMAL	28	Lobster_Obsidian_Form		//Unnatural Weather located in Wilderness.
Lobster_Normal_Form	EVO_LEVEL_RAIN	28	Lobstrocity	//Dungeoneering location	//Unnatural Weather located in Random Routes.
					
Anchovy	EVO_SPECIFIC_MON_IN_PARTY	Yak_Snack_Form	Anchovy_Pizza_Form		
Anchovy	EVO_ITEM	FIRE_RUNE	Anchovy_Pizza_Form		
					
Imp	EVO_LEVEL_RANDOM	20	DEMON_LESSER_BLACK_FORM		
Imp	EVO_LEVEL_RANDOM	20	DEMON_LESSER_RS3_FORM		
Imp	EVO_LEVEL_RANDOM	20	DEMON_LESSER_OSRS_FORM		
Imp	EVO_LEVEL_RANDOM	20	DEMON_LESSER_TONGUE_FORM		
Imp	EVO_ITEM	DEATH_RUNE	Revenant_Imp		
					
DEMON_LESSER_RS3_FORM	EVO_LEVEL	35	DEMON_GREATER_RS3_FORM		
					
DEMON_GREATER_RS3_FORM	EVO_LEVEL_DAY	50	DEMON_KALGERION_FORM		
DEMON_GREATER_RS3_FORM	EVO_LEVEL_NIGHT	50	DEMON_RIPPER_FORM		
DEMON_GREATER_RS3_FORM	EVO_ITEM	CHAOS_RUNE	DEMON_THUNDEREOUS_FORM		
					
DEMON_LESSER_OSRS_FORM	EVO_LEVEL	35	DEMON_GREATER_OSRS_FORM		
					
DEMON_GREATER_OSRS_FORM	EVO_LEVEL_DAY	50	DEMON_TORMENTED_FORM		
DEMON_GREATER_OSRS_FORM	EVO_LEVEL_NIGHT	50	DEMON_TSTANON_FORM		
DEMON_GREATER_OSRS_FORM	EVO_ITEM	LIFE_RUNE	DELRITH		
					
DEMON_LESSER_TONGUE_FORM	EVO_LEVEL	35	DEMON_GREATER_TONGUE_FORM		
					
DEMON_GREATER_TONGUE_FORM	EVO_LEVEL_DAY	50	DEMON_ZAKLN_FORM		
DEMON_GREATER_TONGUE_FORM	EVO_LEVEL_NIGHT	50	DEMON_PUMMELER_FORM		
DEMON_GREATER_TONGUE_FORM	EVO_ITEM	CHOCOLATE_CAKE	DEMON_CHOCOLATE_FORM		
					
DEMON_LESSER_BLACK_FORM	EVO_LEVEL	35	DEMON_GREATER_BLACK_FORM		
					
DEMON_GREATER_BLACK_FORM	EVO_LEVEL_DAY	50	DEMON_BALFRUG_FORM		
DEMON_GREATER_BLACK_FORM	EVO_LEVEL_NIGHT	50	DEMON_JUNGLE_FORM		
DEMON_GREATER_BLACK_FORM	EVO_ITEM	MIND_RUNE	DEMON_RIFTSPLITTER_FORM		
DEMON_GREATER_BLACK_FORM	EVO_ITEM	LIFE_RUNE	Skotizo		
					
SNOW_IMP	EVO_LEVEL	35	DEMON_ICE_OSRS_FORM		
					
Revenant_Imp	EVO_LEVEL	50	Maledictus		
					
DEMON_ICE_OSRS_FORM	EVO_LEVEL_DAY	50	DEMON_ICE_RS3_FORM		
DEMON_ICE_OSRS_FORM	EVO_LEVEL_NIGHT	50	DEMON_BLOODCHILLER_FORM		
DEMON_ICE_OSRS_FORM	EVO_ITEM	DEATH_RUNE	DEMON_REANIMATED_FORM		
					
Pyrefiend	EVO_LEVEL	34	Pyrelord		
Waterfiend	EVO_LEVEL	34	Waterlord		
Icefiend	EVO_LEVEL	34	Icelord		
Icefiend	EVO_SPECIFIC_MON_IN_PARTY	Pyrelord	Waterfiend		
Icefiend	EVO_SPECIFIC_MON_IN_PARTY	Pyrefiend	Waterfiend		
Icefiend	EVO_SPECIFIC_MON_IN_PARTY	Killerwatt	Luminescent_Icefiend		
Icelord	EVO_SPECIFIC_MON_IN_PARTY	Pyrelord	Waterlord		
Icelord	EVO_SPECIFIC_MON_IN_PARTY	Pyrefiend	Waterlord		
					
Kitten	EVO_LEVEL	20	Cat_Normal_Form		
Cat_Normal_Form	EVO_SPECIFIC_MON_IN_PARTY	Rat_Hell_Form	Cat_Hell_Form		
Cat_Normal_Form	EVO_SPECIFIC_MON_IN_PARTY	Giant_Rat_Hell_Form	Cat_Hell_Form		
Cat_Normal_Form	EVO_SPECIFIC_MON_IN_PARTY	Shell_Rat	Cat_Hell_Form		
Cat_Normal_Form	EVO_ITEM	FIRE_RUNE	Cat_Hell_Form		
Cat_Normal_Form	EVO_MOVE	REST	Cat_Lazy_Form		
Cat_Normal_Form	EVO_ITEM	MIND_RUNE	Cat_Purple_Form		
Cat_Normal_Form	EVO_LEVEL_PSYCHIC_TYPE_MON_IN_PARTY	20	Cat_Purple_Form		
Cat_Normal_Form	EVO_LEVEL_FIGHTING_TYPE_MON_IN_PARTY	20	Cat_Wily_Form		
Cat_Normal_Form	EVO_ITEM	WATER_RUNE	Cat_Sunken_Form		
Cat_Normal_Form	EVO_ITEM	LOVELETTER	Cat_Post_Form		
Cat_Normal_Form	EVO_FRIENDSHIP	190	Cat_Overgrown_Form		
Cat_Normal_Form	EVO_ITEM	CHOCOLATE_CAKE	Cat_Overgrown_Form		
Cat_Normal_Form	EVO_ITEM	LIFE_RUNE	Bob		
Cat_Normal_Form	EVO_ITEM	CHAOS_RUNE	Evil_Bob		
Cat_Normal_Form	EVO_MOVE	BULK_UP	Cat_Wily_Form		
Cat_Wily_Form	EVO_ITEM	CHOCOLATE_CAKE	Cat_Lazy_Form		
Cat_Overgrown_Form	EVO_ITEM	CHOCOLATE_CAKE	Cat_Lazy_Form		
					
Duckling	EVO_FRIENDSHIP	220	Swan		
Duckling	EVO_LEVEL	21	Duck_Normal_Form		
Duck_Normal_Form	EVO_MOVE	GROWTH	Mega_Duck		
Duck_Normal_Form	EVO_LEVEL_UNDERGROUND	21	Duck_Cart_Form	// 33 = Caves	
Swan	EVO_SPECIFIC_MON_IN_PARTY	Imp	Imp		
					
Rat_Normal_Form	EVO_LEVEL	17	Giant_Rat_Normal_Form		
Rat_Normal_Form	EVO_ITEM	FIRE_RUNE	Rat_Hell_Form		
Giant_Rat_Normal_Form	EVO_ITEM	AIR_RUNE	Giant_Rat_Blessed_Form		
Giant_Rat_Normal_Form	EVO_ITEM	WATER_RUNE	Brine_Rat		
Giant_Rat_Normal_Form	EVO_LEVEL	28	Albino_Rat		
Giant_Rat_Normal_Form	EVO_ITEM	NATURE_RUNE	Rat_Fungal_Form		
Giant_Rat_Normal_Form	EVO_SPECIFIC_MON_IN_PARTY	Plant_Strange_Form	Experiment_2_Form		
Giant_Rat_Normal_Form	EVO_SPECIFIC_MON_IN_PARTY	Plant_Stranger_Form	Experiment_2_Form		
Giant_Rat_Normal_Form	EVO_SPECIFIC_MON_IN_PARTY	EvilTurnip	Experiment_2_Form		
Giant_Rat_Normal_Form	EVO_ITEM	LIFE_RUNE	Scurrius_Magic_Form		
Rat_Crypt_Form	EVO_LEVEL	23	Giant_Rat_Crypt_Form		
Rat_Crypt_Form	EVO_ITEM	FIRE_RUNE	Rat_Hell_Form		
Giant_Rat_Crypt_Form	EVO_LEVEL_DAY	32	Giant_Rat_Dungeon_Form		
Giant_Rat_Crypt_Form	EVO_LEVEL_NIGHT	32	Zombie_Rat		
Giant_Rat_Crypt_Form	EVO_ITEM	ASTRAL_RUNE	Rat_Gauntlet_Crystalline_Form		
Giant_Rat_Crypt_Form	EVO_SPECIFIC_MON_IN_PARTY	Plant_Strange_Form	Experiment_2_Form		
Giant_Rat_Crypt_Form	EVO_SPECIFIC_MON_IN_PARTY	Plant_Stranger_Form	Experiment_2_Form		
Giant_Rat_Crypt_Form	EVO_SPECIFIC_MON_IN_PARTY	EvilTurnip	Experiment_2_Form		
Giant_Rat_Crypt_Form	EVO_ITEM	LIFE_RUNE	Scurrius_Ranged_Form		
Rat_King_Form	EVO_LEVEL	23	Giant_Rat_King_Form		
Rat_King_Form	EVO_ITEM	FIRE_RUNE	Rat_Hell_Form		
Giant_Rat_King_Form	EVO_LEVEL_DAY	32	Warped_Rat		
Giant_Rat_King_Form	EVO_LEVEL_NIGHT	32	Angry_Rat		
Giant_Rat_King_Form	EVO_ITEM	CHAOS_RUNE	Rat_Gauntlet_Corrupted_Form		
Giant_Rat_King_Form	EVO_SPECIFIC_MON_IN_PARTY	Plant_Strange_Form	Experiment_2_Form		
Giant_Rat_King_Form	EVO_SPECIFIC_MON_IN_PARTY	Plant_Stranger_Form	Experiment_2_Form		
Giant_Rat_King_Form	EVO_SPECIFIC_MON_IN_PARTY	EvilTurnip	Experiment_2_Form		
Giant_Rat_King_Form	EVO_ITEM	LIFE_RUNE	Scurrius_Melee_Form		
Rat_Hell_Form	EVO_LEVEL	32	Giant_Rat_Hell_Form		
Rat_Hell_Form	EVO_LEVEL_GRASS_TYPE_MON_IN_PARTY	32	Shell_Rat		
					
Lamb	EVO_LEVEL_FEMALE	17	Sheep_White_Form		
Lamb	EVO_LEVEL_MALE	17	Ram_Fluffy_Form		
Sheep_White_Form	EVO_LEVEL_DAY	30	Sheep_Plague_Form		
Sheep_White_Form	EVO_LEVEL_NIGHT	30	Sheep_Black_Form		
Sheep_White_Form	EVO_ITEM	WATER_RUNE	Sheep_Pirate_Form		
Sheep_White_Form	EVO_SPECIFIC_MON_IN_PARTY	Wolf_Juvenile_Form	Experiment_3_Form		
Ram_Fluffy_Form	EVO_LEVEL_DAY	30	Ram_Shaggy_Form		
Ram_Fluffy_Form	EVO_LEVEL_NIGHT	30	Ram_Golden_Form		
Ram_Fluffy_Form	EVO_ITEM	WATER_RUNE	Sheep_Pirate_Form		
Ram_Fluffy_Form	EVO_SPECIFIC_MON_IN_PARTY	Wolf_Juvenile_Form	Experiment_3_Form		
					
Goat_Billy_Form	EVO_LEVEL	28	Goat_Desert_Form		
Goat_Billy_Form	EVO_ITEM	SPIRIT_CHARM	Goat_Clay_Form		
					
Goat_Desert_Form	EVO_LEVEL	37	Goat_Mountain_Form		
Goat_Desert_Form	EVO_ITEM	CHAOS_RUNE	Gorak		
Goat_Desert_Form	EVO_ITEM	COSMIC_RUNE	Antelope_Moonlight_Form		
Goat_Desert_Form	EVO_ITEM	ASTRAL_RUNE	Antelope_Sunlight_Form		
Goat_Clay_Form	EVO_LEVEL	25	Goat_SacredClay_Form		
					
Goat_SacredClay_Form	EVO_ITEM	EARTH_RUNE	Goat_PrimordialClay_Form		
					
Sardine	EVO_LEVEL	13	Herring		
Sardine	EVO_ITEM	WATER_RUNE	Pet_Fish		
Herring	EVO_LEVEL	25	Trout_Normal_Form		
Herring	EVO_ITEM	WATER_RUNE	Trout_Leaping_Form		
Herring	EVO_ITEM	NATURE_RUNE	Trout_Tropical_Form		
Herring	EVO_ITEM	AIR_RUNE	Gilbert		
Trout_Normal_Form	EVO_LEVEL	38	Swordfish		
					
Trout_Leaping_Form	EVO_LEVEL	38	Sturgeon		
					
Trout_Tropical_Form	EVO_LEVEL	38	Sailfish		
					
					
Bass	EVO_LEVEL	26	Salmon_Normal_Form		
Bass	EVO_ITEM	AIR_RUNE	Salmon_Leaping_Form		
Bass	EVO_SPECIFIC_MON_IN_PARTY	Tortoise_Normal_Form	Basstoise		
Salmon_Normal_Form	EVO_LEVEL_DAY	45	Shark_Normal_Form		
Salmon_Normal_Form	EVO_LEVEL_NIGHT	45	Fury_Shark		
Salmon_Leaping_Form	EVO_LEVEL_DAY	45	Shark_GreatWhite_Form		
Salmon_Leaping_Form	EVO_LEVEL_NIGHT	45	Shark_Tiger_Form		
					
Mackerel	EVO_LEVEL	26	Catfish		
Catfish	EVO_LEVEL	38	Shark_Baron_Form		
					
Tarpon	EVO_LEVEL	25	Seerfish		
Seerfish	EVO_LEVEL_GRASS_TYPE_MON_IN_PARTY	31	Sillago		
Sillago	EVO_LEVEL	38	Wobbegong		
					
					
					
					
					
					
Whitefish	EVO_LEVEL	25	Beltfish		
Beltfish	EVO_LEVEL	40	Manta_Ray		
					
Cod	EVO_LEVEL	25	Rainbow		
Rainbow	EVO_LEVEL	45	Shark_Golden_Form		
					
Desert_Sole	EVO_LEVEL	40	Goblinfish		
					
Cavefish	EVO_LEVEL	38	Rocktail		
					
Pike	EVO_LEVEL_RAIN	25	Monkfish_Normal_Form		
Monkfish_Normal_Form	EVO_LEVEL	40	AnglerFish		
					
Giant_Carp	EVO_LEVEL_RAIN	25	Monkfish_Fresh_Form		
Monkfish_Fresh_Form	EVO_LEVEL	40	Monkfish_Golden_Form		
					
Eel_Slimy_Form	EVO_ITEM	EARTH_RUNE	Eel_Cave_Form		
Eel_Slimy_Form	EVO_ITEM	FIRE_RUNE	Eel_Lava_Form		
Eel_Slimy_Form	EVO_LEVEL	26	Eel_Mottled_Form		
Eel_Slimy_Form	EVO_LEVEL_UNDERGROUND	33	Vile_Fish	//33 - CAVES	
Eel_Cave_Form	EVO_LEVEL	37	Eel_Sacred_Form		
Eel_Lava_Form	EVO_LEVEL	37	Eel_Infernal_Form		
Eel_Slimy_Form	EVO_ITEM	WATER_RUNE	Eel_Short_Finned_Form		
Vile_Fish	EVO_LEVEL	37	Cave_Moray		
Eel_Short_Finned_Form	EVO_LEVEL	37	Eel_Dusk_Form		
Eel_Short_Finned_Form	EVO_LEVEL	37	Eel_Salve_Form		
					
Piglet	EVO_LEVEL_DAY	21	Pig		
Piglet	EVO_FRIENDSHIP	220	Pigzilla		
Piglet	EVO_LEVEL_NIGHT	32	Broav		
Pig	EVO_FRIENDSHIP	220	Pigzilla		
Pig	EVO_ITEM	DEATH_RUNE	Pig_War_Form		
Pig	EVO_ITEM	MIND_RUNE	Pig_Prayer_Form		
Pig	EVO_ITEM	BODY_RUNE	Pig_Pack_Form		
Pig	EVO_ITEM	AIR RUNE	Piggles		
Broav	EVO_ITEM	SPIRIT_CHARM	Pig_Summoning_Form		
Broav	EVO_ITEM	CHAOS_RUNE	Sourhog		
Broav	EVO_FRIENDSHIP	220	Herbiboar		
					
Puppy_Pup_Form	EVO_ITEM	FIRE_RUNE	Hellpuppy		
Puppy_Pup_Form	EVO_ITEM	DEATH_RUNE	Muncher		
Puppy_Pup_Form	EVO_LEVEL_DEATH	1	Muncher		
Puppy_Pup_Form	EVO_ITEM	WATER RUNE	Dalmatian		
Puppy_Pup_Form	EVO_ITEM	AIR RUNE	Labrador		
Puppy_Pup_Form	EVO_ITEM	EARTH RUNE	Terrier		
Puppy_Pup_Form	EVO_ITEM	CHAOS_RUNE	Terror_dog		
Puppy_Pup_Form	EVO_FRIENDSHIP	220	Corgi		
Puppy_Pup_Form	EVO_LEVEL_WEATHER_HOT	18	Pug		
Puppy_Pup_Form	EVO_LEVEL_WEATHER_COLD	18	Shiba		
Puppy_Pup_Form	EVO_ITEM	NATURE_RUNE	Border_Collie		
Puppy_Pup_Form	EVO_ITEM	BODY_RUNE	Guard_Dog		
Puppy_Mutt_Form	EVO_ITEM	FIRE RUNE	Hellpuppy		
Puppy_Mutt_Form	EVO_ITEM	DEATH_RUNE	Muncher		
Puppy_Mutt_Form	EVO_LEVEL_DEATH	1	Muncher		
Puppy_Mutt_Form	EVO_ITEM	AIR RUNE	Greyhound		
Puppy_Mutt_Form	EVO_ITEM	EARTH RUNE	Bulldog		
Puppy_Mutt_Form	EVO_FRIENDSHIP	220	Sheepdog		
Puppy_Mutt_Form	EVO_ITEM	CHAOS_RUNE	Terror_dog		
Puppy_Mutt_Form	EVO_LEVEL_RAIN	1	Stray_Dog		
Puppy_Mutt_Form	EVO_ITEM	BLOOD_RUNE	Bloodhound		
Puppy_Mutt_Form	EVO_LEVEL_WEATHER_HOT	18	Beagle		
Puppy_Mutt_Form	EVO_LEVEL_WEATHER_COLD	18	Huskie		
Puppy_Mutt_Form	EVO_ITEM	MIND_RUNE	Lycurgus		
Hellpuppy	EVO_LEVEL	45	Hellhound		
Hellpuppy	EVO_ITEM	DEATH_RUNE	Shadow_Hound		
Hellpuppy	EVO_LEVEL_DEATH	1	Shadow_Hound		
					
					
Pet_Rock	EVO_ITEM	AIR_RUNE	Rock_Polished_Form		
Pet_Rock	EVO_LEVEL_BUG_TYPE_MON_IN_PARTY	50	Pillar		
Pet_Rock	EVO_ITEM	WATER_RUNE	Rock_Soup		
Pet_Rock	EVO_ITEM	MIND_RUNE	Slagilith		
Pet_Rock	EVO_ITEM	EARTH_RUNE	Rock_Strange_Form		
Pet_Rock	EVO_ITEM	FIRE_RUNE	Rock_Golden_Form		
Pet_Rock	EVO_ITEM	LAW_RUNE	Party_Rock		
					
Bird_Nest	EVO_LEVEL_PERSONALITY_ONE	10	Pigeon		
Bird_Nest	EVO_LEVEL_PERSONALITY_TWO	10	Pheasant		
Bird_Nest	EVO_LEVEL_PERSONALITY_THREE	10	Rocling		
Bird_Nest	EVO_LEVEL_PERSONALITY_FOUR	10	Chompy		
Bird_Nest	EVO_LEVEL_PERSONALITY_FIVE	10	Ravenling		
Bird_Nest	EVO_LEVEL_PERSONALITY_SIX	10	Vultling		
Bird_Nest	EVO_LEVEL_PERSONALITY_SEVEN	10	Seagull_Normal_Form		
Bird_Nest	EVO_LEVEL_PERSONALITY_EIGHT	10	Phoenling_Rebirth_Form		
Bird_Nest	EVO_LEVEL_PERSONALITY_NINE	10	Phoenling_Reborn_Form		
					
Ravenling	EVO_LEVEL_DAY	25	Raven_Normal_Form		
Ravenling	EVO_LEVEL_NIGHT	25	Raven_Nevermore_Form		
Ravenling	EVO_ITEM	DEATH_RUNE	Raven_Spooky_Form		
Ravenling	EVO_ITEM	ASTRAL_RUNE	Raven_Crystal_Form		
Ravenling	EVO_SPECIFIC_MON_IN_PARTY	Tz_Kih	Raventzhaar		
					
Pheasant	EVO_LEVEL_RAIN	34	Harpy_Eagle		
					
Pigeon	EVO_LEVEL	34	Rocling		
Pigeon	EVO_ITEM	NATURE_RUNE	Macaw		
					
Crow	EVO_LEVEL	18	Magpie		
					
Rocling	EVO_LEVEL	45	Roc		
					
Vultling	EVO_LEVEL_DAY	35	Vulture		
Vultling	EVO_SPECIFIC_MON_IN_PARTY	Chicken_Undead_Form	Vulture_RSHD_Form		
Vultling	EVO_SPECIFIC_MON_IN_PARTY	Cow_Undead_Form	Vulture_RSHD_Form		
Vultling	EVO_SPECIFIC_MON_IN_PARTY	Yak_Undead_Form	Vulture_RSHD_Form		
Vultling	EVO_ITEM	EARTH_RUNE	Vulture_RSHD_Form		
Vultling	EVO_LEVEL_NIGHT	35	Vulture_Pink_Form		
Vultling	EVO_SPECIFIC_MON_IN_PARTY	Yak_Snack_Form	Vulture_OSRS_Form		
Vultling	EVO_ITEM	AIR_RUNE	Vulture_OSRS_Form		
Vultling	EVO_ITEM	BODY_RUNE	Vulture_RS3_Form		
Vultling	EVO_SPECIFIC_MON_IN_PARTY	Hand_Zombie_Form	Vulture_RS3_Form		
Vultling	EVO_SPECIFIC_MON_IN_PARTY	Zombie_Rat	Vulture_RS3_Form		
Vultling	EVO_SPECIFIC_MON_IN_PARTY	Broav_Zombie_Form	Vulture_RS3_Form		
Vultling	EVO_SPECIFIC_MON_IN_PARTY	Impling_Zombie_Form	Vulture_RS3_Form		
Vultling	EVO_SPECIFIC_MON_IN_PARTY	SkeletalOx_Female_Form	Vulture_Bearded_Form		
Vultling	EVO_SPECIFIC_MON_IN_PARTY	Skeletal_Wyvern	Vulture_Bearded_Form		
Vultling	EVO_SPECIFIC_MON_IN_PARTY	Hand_Skeletal_Form	Vulture_Bearded_Form		
Vultling	EVO_SPECIFIC_MON_IN_PARTY	SkeletalOx_Male_Form	Vulture_Bearded_Form		
					
Chompy	EVO_LEVEL_SPE_LT_SPDEF	26	Jubbly		
Chompy	EVO_LEVEL_SPE_GT_SPDEF	26	Terrorbird_Normal_Form		
Jubbly	EVO_SPECIFIC_MON_IN_PARTY	Lobster_Normal_Form	Jubster		
Terrorbird_Normal_Form	EVO_ITEM	SPIRIT CHARM	Terrorbird_Spirit_Form		
Terrorbird_Normal_Form	EVO_LEVEL	44	Terrorbird_Warped_Form		
					
Seagull_Normal_Form	EVO_ITEM	AIR_RUNE	Albatross		
Seagull_Normal_Form	EVO_ITEM	BODY_RUNE	Seagull_Steven_Form		
Seagull_Normal_Form	EVO_ITEM	SPIRIT_CHARM	Ibis		
Seagull_Normal_Form	EVO_LEVEL_ATK_LT_DEF	20	Seagull_Hattenkrapper_Form		
Seagull_Normal_Form	EVO_LEVEL_ATK_GT_DEF	20	Seagull_Koppenploppen_Form		
Seagull_Normal_Form	EVO_LEVEL_ATK_EQ_DEF	20	Pelican		
					
Snake_Normal_Form	EVO_LEVEL_DAY	26	Cobra_Normal_Form		
Snake_Normal_Form	EVO_ITEM	WATER_RUNE	Snake_Sea_Form		
Snake_Normal_Form	EVO_ITEM	TEAR_OF_GUTHIX	Juna		
Snake_Normal_Form	EVO_LEVEL_NIGHT	26	Snake_Poison_Form		
Snake_Normal_Form	EVO_SPECIFIC_MON_IN_PARTY	Yak_Pack_Form	Monty		
Snake_Normal_Form	EVO_ITEM	LIFE_RUNE	Zulrah_Serpentine_Form		
Cobra_Normal_Form	EVO_ITEM	SPIRIT_CHARM	Cobra_Spirit_Form		
Cobra_Normal_Form	EVO_LEVEL	36	Snake_Desert_Form		
Snake_Poison_Form	EVO_ITEM	SPIRIT_CHARM	Icxan		
Snake_Poison_Form	EVO_LEVEL	36	Snake_Swamp_Form		
Snake_Sea_Form	EVO_FRIENDSHIP	220	Big_Snake_Sea_Form		
Snake_Sea_Form	EVO_ITEM	SPIRIT_CHARM	Icxan		
					
					
					
					
					
					
					
Camel	EVO_LEVEL	30	Ughtanki		
Ughtanki	EVO_ITEM	MIND_RUNE	Camel_Warrior_Form		
Ughtanki	EVO_ITEM	LAW_RUNE	Camel_Bank_Form		
					
Kalphite_Larva_Form	EVO_LEVEL	15	Kalphite_Worker_Form		
Kalphite_Larva_Form	EVO_ITEM	EARTH_RUNE	Kalphite_Dung_Form		
Kalphite_Worker_Form	EVO_LEVEL_FEMALE	24	Kalphite_Soldier_Form		
Kalphite_Worker_Form	EVO_LEVEL_MALE	24	Kalphite_Paragon_Form		
Kalphite_Soldier_Form	EVO_ITEM	SPIRIT_CHARM	Kalphite_Spirit_Form		
Kalphite_Soldier_Form	EVO_LEVEL	41	Kalphite_Guardian_Form		
Kalphite_Paragon_Form	EVO_ITEM	SOUL_RUNE	Kalphite_Corrupted_Form		
Kalphite_Paragon_Form	EVO_LEVEL	41	Kalphite_Marauder_Form		
Kalphite_Dung_Form	EVO_ITEM	DEATH_RUNE	Kalphite_Reanimated_Form		
Kalphite_Marauder_Form	EVO_ITEM	LIFE_RUNE	Kalphite_King_Form		
Kalphite_Guardian_Form	EVO_ITEM	LIFE_RUNE	Kalphite_Queen_Form		
					
					
ABYSSALING	EVO_MOVE	TELEPORT	ABYSSAL_MINION_FORM		
ABYSSAL_MINION_FORM	EVO_LEVEL	36	ABYSSAL_DEMON_FORM		
ABYSSAL_MINION_FORM	EVO_ITEM	DEATH_RUNE	SPECIES_ABYSSAL_DEMON_REANIMATED_FORM		
					
ABYSSAL_LEECH_FORM	EVO_LEVEL	34	ABYSSAL_WALKER_FORM		
ABYSSAL_LEECH_FORM	EVO_SPECIFIC_MON_IN_PARTY	Abyssal_DeepSea_Leech	Abyssal_DeepSea_Leech		
ABYSSAL_LEECH_FORM	EVO_ITEM	WATER_RUNE	Abyssal_DeepSea_Leech		
ABYSSAL_WALKER_FORM	EVO_LEVEL	48	ABYSSAL_GUARDIAN_FORM		
					
Abyssal_DeepSea_Leech	EVO_LEVEL	34	Abyssal_DeepSea_Walker		
Abyssal_DeepSea_Walker	EVO_LEVEL	48	Abyssal_DeepSea_Guardian		
					
SPECIES_ABYSSAL_LURKER_FORM	EVO_LEVEL	42	SPECIES_ABYSSAL_PARASITE_FORM		
					
Golem_Titan	EVO_LEVEL_ATK_GT_DEF	45	Iron_Titan		
Golem_Titan	EVO_LEVEL_ATK_LT_DEF	45	Steel_Titan		
Golem_Titan	EVO_LEVEL_ATK_EQ_DEF	45	Obsidian_Golem		
Golem_Titan	EVO_ITEM	CHAOS_RUNE	Lava_Titan		
Golem_Titan	EVO_ITEM	EARTH_RUNE	Swamp_Titan		
Golem_Titan	EVO_ITEM	ASTRAL_RUNE	Ice_Titan		
Golem_Titan	EVO_ITEM	FIRE_RUNE	Fire_Titan		
Golem_Titan	EVO_ITEM	WATER_RUNE	Geysir_Titan		
Golem_Titan	EVO_SPECIFIC_MON_IN_PARTY	ABYSSAL_LEECH_FORM	ABYSSAL_TITAN_FORM		
Golem_Titan	EVO_ITEM	BLOOD_RUNE	ABYSSAL_TITAN_FORM		
Golem_Titan	EVO_ITEM	NATURE_RUNE	Moss_Titan		
Golem_Titan	EVO_SPECIFIC_MON_IN_PARTY	Phoenix_Reborn_Form	Reborn_Warrior		
Golem_Titan	EVO_SPECIFIC_MON_IN_PARTY	Phoenix_Rebirth_Form	Reborn_Ranger		
Golem_Titan	EVO_SPECIFIC_MON_IN_PARTY	Phoenling_Rebirth_Form	Reborn_Mage		
					
Behemoth_Normal_Form	EVO_LEVEL	30	Behemoth_Adolscent_Form		
Behemoth_Normal_Form	EVO_SPECIFIC_MON_IN_PARTY	Yak_Snack_Form	Behemoth_Gluttonous_Form		
Behemoth_Adolscent_Form	EVO_LEVEL	45	Siege_Beast		
Behemoth_Adolscent_Form	EVO_ITEM	EARTH_RUNE	Bulwark_Beast		
Behemoth_Adolscent_Form	EVO_ITEM	BODY_RUNE	Behemoth_Gluttonous_Form		
Behemoth_Adolscent_Form	EVO_ITEM	NATURE_RUNE	Behemoth_Runebound_Form		
Behemoth_Adolscent_Form	EVO_ITEM	LAW_RUNE	Stomp		
Behemoth_Adolscent_Form	EVO_ITEM	MIND_RUNE	Hope_Devourer		
					
Strykewyrm_Mini_Form	EVO_LEVEL	37	Strykewyrm_Freezy_Form		
Strykewyrm_Mini_Form	EVO_ITEM	NATURE_RUNE	Strykewyrm_Leafy_Form		
Strykewyrm_Mini_Form	EVO_ITEM	EARTH_RUNE	Strykewyrm_Sandy_Form		
Strykewyrm_Mini_Form	EVO_ITEM	FIRE_RUNE	Strykewyrm_Wildy_Form		
					
Spiderling	EVO_LEVEL_RANDOM	15	Spider_Giant_Form		
Spiderling	EVO_LEVEL_RANDOM	15	Spider_Huge_Form		
Spiderling	EVO_LEVEL_RANDOM	15	Spider_Fever_Form		
Spiderling	EVO_LEVEL_RANDOM	15	Spider_Ungael_Form		
Spiderling	EVO_ITEM	DEATH_RUNE	Araxyte_Baby		
Spiderling	EVO_ITEM	COSMIC_RUNE	Eek		
Spiderling	EVO_SPECIFIC_MON_IN_PARTY	Sardine	Spidine		
Spiderling	EVO_SPECIFIC_MON_IN_PARTY	Monkey_Normal_Form	Experiment_5_Form		
Spider_Giant_Form	EVO_LEVEL_DAY	28	Spider_DeadlyRed_Form		
Spider_Giant_Form	EVO_MOVE	THUNDER_FANG	Spider_Blessed_Form		
Spider_Blessed_Form	EVO_LEVEL_NIGHT	42	kalrag		
Spider_Giant_Form	EVO_ITEM	NATURE RUNE	Spider_Jungle_Form		
Spider_Giant_Form	EVO_ITEM	LIFE_RUNE	Venenatis		
Spider_Huge_Form	EVO_LEVEL_NIGHT	28	Spider_Night_Form		
Spider_Huge_Form	EVO_MOVE	ICE_FANG	Spider_Ice_Form		
Spider_Huge_Form	EVO_ITEM	SPIRIT CHARM	Spider_Spirit_Form		
Spider_Huge_Form	EVO_ITEM	LIFE_RUNE	Sarachnis		
Spider_Fever_Form	EVO_LEVEL	28	Spider_Shadow_Form		
Spider_Fever_Form	EVO_MOVE	FIRE_FANG	Spider_Lava_Form		
Spider_Fever_Form	EVO_ITEM	MIND_RUNE	Spider_Corpse_Form		
Spider_Fever_Form	EVO_ITEM	LIFE_RUNE	Venenatis		
Spider_Ungael_Form	EVO_LEVEL	28	Spider_Crypt_Form		
Spider_Ungael_Form	EVO_MOVE	POISON_FANG	Spider_Temple_Form		
Spider_Ungael_Form	EVO_ITEM	NATURE RUNE	Spider_ApeAtoll_Form		
Spider_Ungael_Form	EVO_ITEM	LIFE_RUNE	Sarachnis		
Araxyte_Baby	EVO_LEVEL_ATK_EQ_SPATK	28	Araxyte_Acidic		
Araxyte_Baby	EVO_LEVEL_ATK_LT_SPATK	28	Araxyte_Mirrorback		
Araxyte_Baby	EVO_LEVEL_ATK_GT_SPATK	28	Araxyte_Pulsing		
Araxyte_Baby	EVO_LEVEL_MALE	80	Araxxor		
Araxyte_Baby	EVO_LEVEL_FEMALE	80	Araxxi		
Eek	EVO_SPECIFIC_MON_IN_PARTY	Ping	MinstrlWeb		
Eek	EVO_SPECIFIC_MON_IN_PARTY	Pong	MinstrlWeb		
Eek	EVO_SPECIFIC_MON_IN_PARTY	Duckling	MinstrlWeb		
					
Impling_Baby_Form	EVO_LEVEL_RANDOM	17	Impling_Magpie_Form		
Impling_Baby_Form	EVO_LEVEL_RANDOM	17	Impling_Gourmet_Form		
Impling_Baby_Form	EVO_LEVEL_RANDOM	17	Impling_Young_Form		
Impling_Baby_Form	EVO_LEVEL_RANDOM	17	Impling_Earth_Form		
Impling_Baby_Form	EVO_SPECIFIC_MON_IN_PARTY	Yak_Snack_Form	Impling_Gourmet_Form		
Impling_Magpie_Form	EVO_LEVEL_NATURE_LOW_KEY	35	Impling_Kingly_Form		
Impling_Magpie_Form	EVO_LEVEL_NATURE_AMPED	35	Impling_Snow_Form		
Impling_Magpie_Form	EVO_LEVEL_DRAGON_TYPE_MON_IN_PARTY	35	Impling_Dragon_Form		
Impling_Magpie_Form	EVO_ITEM	COSMIC_RUNE	Impling_Lucky_Form		
Impling_Gourmet_Form	EVO_LEVEL_NATURE_AMPED	35	Impling_Divine_Form		
Impling_Gourmet_Form	EVO_LEVEL_NATURE_LOW_KEY	35	Impling_Ghost_Form		
Impling_Gourmet_Form	EVO_ITEM	SPIRIT_SHARD	Impling_Spirit_Form		
Impling_Gourmet_Form	EVO_ITEM	COSMIC_RUNE	Impling_Essence_Form		
Impling_Young_Form	EVO_LEVEL_NATURE_AMPED	35	Impling_Pirate_Form		
Impling_Young_Form	EVO_LEVEL_NATURE_LOW_KEY	35	Impling_Easter_Form		
Impling_Young_Form	EVO_ITEM	BODY_RUNE	Impling_Ninja_Form		
Impling_Young_Form	EVO_ITEM	DEATH_RUNE	Impling_Zombie_Form		
Impling_Earth_Form	EVO_LEVEL_NATURE_AMPED	35	Impling_Nature_Form		
Impling_Earth_Form	EVO_ITEM	ASTRAL_RUNE	Impling_Crystal_Form		
Impling_Earth_Form	EVO_ITEM	COSMIC_RUNE	Impling_Wandering_Form		
Impling_Earth_Form	EVO_LEVEL_NATURE_LOW_KEY	35	Impling_Eclectic_Form		
					
					
Crabling	EVO_LEVEL_MAP_ASGARNIA	12	Rock_Crab_Normal_Form		
Crabling	EVO_LEVEL_MAP_MISTHALIN	12	Rock_Crab_Normal_Form		
Crabling	EVO_LEVEL_MAP_DESERT	12	Rock_Crab_Sand_Form		
Crabling	EVO_LEVEL_MAP_KARAMJA	12	Rock_Crab_Sand_Form		
Crabling	EVO_LEVEL_MAP_WILDERNESS	12	Rock_Crab_Ammonite_Form		
Crabling	EVO_LEVEL_MAP_KANDARIN	12	Rock_Crab_Ammonite_Form		
Crabling	EVO_LEVEL_MAP_MORYTANIA	12	Rock_Crab_Swamp_Form		
Crabling	EVO_LEVEL_MAP_FREMENNIK 	12	Crab_Granite_Form		
Rock_Crab_Normal_Form	EVO_LEVEL	38	Rock_Crab_Giant_Normal_Form		
Rock_Crab_Ammonite_Form	EVO_LEVEL	38	Rock_Crab_Giant_Ammonite_Form		
Rock_Crab_Sand_Form	EVO_LEVEL	38	Rock_Crab_Giant_Sand_Form		
Rock_Crab_Swamp_Form	EVO_LEVEL	38	Rock_Crab_Giant_Swamp_Form		
Crab_Granite_Form	EVO_LEVEL	38	Lobster_Granite_Form		
Crab_Granite_Form	EVO_MOVE	CRABHAMMER	Lobster_Rock_Form		
Crab_Red_Form	EVO_LEVEL_DAY	33	Giant_Crab_Red_Form		
Crab_Red_Form	EVO_ITEM	LIFE_RUNE	Knife_Crab		
Crab_Moss_Form	EVO_LEVEL_DAY	33	Giant_Crab_Moss_Form		
Crab_RumPumped_Form	EVO_LEVEL	33	Giant_Crab_RumPumped_Form		
Crab_Dark_Form	EVO_LEVEL_NIGHT	33	Giant_Crab_Dark_Form		
Crab_Grey_Form	EVO_LEVEL_NIGHT	33	Giant_Crab_Grey_Form		
Heim_Crab	EVO_LEVEL_DAY	33	WebSnipper		
Heim_Crab	EVO_LEVEL_NIGHT	33	Blue_Crab		
					
Mackers	EVO_LEVEL_FEMALE	27	Turkey_Female_Form		
Mackers	EVO_LEVEL_MALE	27	Turkey_Male_Form		
Turkey_Male_Form	EVO_ITEM	CHOCOLATE_CAKE	Turkey_Protestor_Form		
Turkey_Male_Form	EVO_ITEM	CUPHOLDER	Turkey_Protestor_Form		
Turkey_Female_Form	EVO_ITEM	CHOCOLATE_CAKE	Turkey_Protestor_Form		
Turkey_Female_Form	EVO_ITEM	CUPHOLDER	Turkey_Protestor_Form		
					
Toy_Mouse	EVO_LEVEL_FEMALE	20	Toy_Doll		
Toy_Mouse	EVO_LEVEL_MALE	20	Toy_Soldier		
Toy_Mouse	EVO_ITEM	LAW_RUNE	Marionette		
Toy_Mouse	EVO_SPECIFIC_MON_IN_PARTY	Penguin	Penguin_Clockwork_Form		
Toy_Mouse	EVO_SPECIFIC_MON_IN_PARTY	Cat_Normal_Form	Cat_Clockwork_Form		
					
Rabbit	EVO_LEVEL_DAY	27	Wolperting		
Rabbit	EVO_LEVEL_NIGHT	27	Jackalope		
					
					
Dust_Devil	EVO_LEVEL_DAY	35	SmokeDevil		
Dust_Devil	EVO_LEVEL_NIGHT	35	ChokeDevil		
SmokeDevil	EVO_LEVEL	47	SmokeDevil_Nuclear_Form		
ChokeDevil	EVO_LEVEL	47	SmokeDevil_Thermonuclear_Form		
					
					
Fledgling	EVO_LEVEL	30	Dagannoth_Normal_Form		
Dagannoth_Normal_Form	EVO_LEVEL_FEMALE	43	Dagannoth_Daughter		
Dagannoth_Normal_Form	EVO_ITEM	WATER_RUNE	Dagannoth_Guardian_Form		
Dagannoth_Daughter	EVO_LEVEL	50	Dagannoth_Mother		
Dagannoth_Daughter	EVO_ITEM	COSMIC_RUNE	Gelatinnoth		
Dagannoth_Guardian_Form	EVO_ITEM	DEATH_RUNE	Dagannoth_Reanimated_Form		
Dagannoth_Guardian_Form	EVO_ITEM	SPIRIT_CHARM	Dagannoth_Spirit_Form		
Dagannoth_Normal_Form	EVO_ITEM_HOLD_MALE	Dagannoth Scale	Dagannoth_King_Range_Form		
Dagannoth_Normal_Form	EVO_ITEM_HOLD_MALE	Dagannoth Egg Shell	Dagannoth_King_Magic_Form		
Dagannoth_Normal_Form	EVO_ITEM_HOLD_MALE	Shrivelled Dagannoth Claw	Dagannoth_King_Melee_Form		
					
					
					
					
Glacor Enduring Form	EVO_LEVEL	30	Glacor		
Glacor Sapping Form	EVO_ITEM	SOUL_RUNE	Glacor Sapping Form		
Glacor Unstable Form	EVO_ITEM	ASTRAL_RUNE	Glacor Unstable Form		
					
					
The_Illusive	EVO_MOVE	NIGHTMARE	Everlasting		
Everlasting	EVO_LEVEL	30	Untouchable		
Untouchable	EVO_FRIENDSHIP_NIGHT	200	Inadequancy		
Untouchable	EVO_LEVEL_NINJASK	40	Doubt		
					
Butterfly_Ruby_Harvest_Form	EVO_LEVEL	18	Black_Warlock		
Butterfly_Ruby_Harvest_Form	EVO_ITEM	NATURE_RUNE	Guthixian_Butterfly		
Butterfly_Sapphire_Glacialis_Form	EVO_LEVEL	18	Snow_Knight		
Butterfly_Sapphire_Glacialis_Form	EVO_ITEM	ASTRAL_RUNE	Draugen		
Black_Warlock	EVO_FRIENDSHIP_DAY	200	Forge_Regent		
Snow_Knight	EVO_FRIENDSHIP_NIGHT	200	Charming_Moth		
Charming_Moth	EVO_LEVEL_NATURE_AMPED	31	Moth_Sunlight_Form		
Charming_Moth	EVO_LEVEL_NATURE_LOW_KEY	31	Moth_Moonlight_Form		
					
Pengling	EVO_FRIENDSHIP	220	Penguin		
Penguin_McGraw_Form	EVO_SPECIFIC_MON_IN_PARTY	Sheep_White_Form	The_Thing		
Penguin_McGraw_Form	EVO_MOVE_TYPE	ROCK	Penguin_Spy_Form		
Penguin_McGraw_Form	EVO_MOVE_TYPE	STEEL	Penguin_Agent_Form		
Penguin	EVO_LEVEL_NATURE_AMPED	31	Ping		
Penguin	EVO_LEVEL_NATURE_LOW_KEY	31	Pong	//METAL SOUND	
Penguin	EVO_ITEM	Fire Rune	Penguin Disguise Cactus Form		
Penguin	EVO_ITEM	Earth Rune	Penguin Disguise Rock Form		
Penguin	EVO_ITEM	Nature Rune	Penguin Disguise Bush Form		
Penguin	EVO_ITEM	Body Rune	Penguin Disguise Box Form		
Penguin	EVO_LEVEL_MAP_DESERT	50	Penguin Disguise Cactus Form		
Penguin	EVO_LEVEL_MAP_WILDERNESS	50	Penguin Disguise Rock Form		
Penguin	EVO_LEVEL_MAP_FREMENNIK	50	Penguin Disguise Rock Form		
Penguin	EVO_LEVEL_MAP_KANDARIN	50	Penguin Disguise Bush Form		
Penguin	EVO_LEVEL_MAP_KARAMJA	50	Penguin Disguise Bush Form		
Penguin	EVO_LEVEL_MAP_MISTHALIN	50	Penguin Disguise Box Form		
Penguin	EVO_LEVEL_MAP_ASGARNIA	50	Penguin Disguise Box Form		
					
Larupia_Normal_Form	EVO_ITEM	SPIRIT_CHARM	Larupia_Spirit_Form		
					
Kyatt_Normal_Form	EVO_ITEM	SPIRIT_CHARM	Kyatt_Spirit_Form		
					
Monkey_Normal_Form	EVO_MOVE_TYPE	FLYING	Monkey_Ninja_Form		
Monkey_Normal_Form	EVO_LEVEL_DAY	40	Gorilla_Normal_Form		
Monkey_Normal_Form	EVO_LEVEL_NIGHT	40	Gorilla_Ancient_Form		
Monkey_Normal_Form	EVO_LEVEL_GHOST_TYPE_MON_IN_PARTY	40	Monkey_Zombie_Form		
Monkey_Normal_Form	EVO_ITEM	DEATH_RUNE	Monkey_Reanimated_Form		
Monkey_Harmless_Form	EVO_LEVEL_GHOST_TYPE_MON_IN_PARTY	40	Monkey_Ghost_Form		
Gorilla_Normal_Form	EVO_LEVEL_ATK_EQ_DEF	55	Gorilla_Ayuni_Form		
Gorilla_Normal_Form	EVO_LEVEL_ATK_LT_DEF	55	Gorilla_Leeuni_Form		
Gorilla_Normal_Form	EVO_LEVEL_ATK_GT_DEF	55	Gorilla_Eruni_Form		
Monkey_Karamja_Baby_Form	EVO_FRIENDSHIP	220	Monkey_Karamja_Adult_Form		
					
					
Pure	EVO_FRIENDSHIP	220	Animawhal		
Pure	EVO_ITEM	AIR_RUNE	Rune		
Pure	EVO_ITEM	WATER_RUNE	Rune		
Pure	EVO_ITEM	FIRE_RUNE	Rune		
Pure	EVO_ITEM	EARTH_RUNE	Rune		
Pure	EVO_ITEM	MIND_RUNE	Essling		
Pure	EVO_ITEM	BODY_RUNE	Rune_Guardian		
					
Essling	EVO_ITEM	LAW_RUNE	Esshound		
Essling	EVO_ITEM	CHAOS_RUNE	Esshound		
Essling	EVO_ITEM	NATURE_RUNE	Esshound		
Essling	EVO_ITEM	SOUL_RUNE	Esswraith		
Essling	EVO_ITEM	BLOOD_RUNE	Esswraith		
Essling	EVO_ITEM	DEATH_RUNE	Esswraith		
Essling	EVO_ITEM	COSMIC_RUNE	Rue		
Essling	EVO_ITEM	ASTRAL_RUNE	Rue		
					
Rune_Guardian	EVO_ITEM	COSMIC_RUNE	Rewards_Guardian		
Rune_Guardian	EVO_ITEM	ASTRAL_RUNE	Rewards_Guardian		
Rune_Guardian	EVO_ITEM	NATURE_RUNE	Coral_Guardian		
Rune_Guardian	EVO_ITEM	LAW_RUNE	Coral_Guardian		
Rune_Guardian	EVO_ITEM	DEATH_RUNE	Rift_Guardian		
Rune_Guardian	EVO_ITEM	BLOOD_RUNE	Rift_Guardian		
Rune_Guardian	EVO_ITEM	SOUL_RUNE	Rift_Guardian		
Rune_Guardian	EVO_ITEM	CHAOS_RUNE	Rift_Guardian		
					
Rune	EVO_ITEM	COSMIC_RUNE	Essence		
Rune	EVO_ITEM	ASTRAL_RUNE	Essence		
Rune	EVO_ITEM	NATURE_RUNE	Essence		
Rune	EVO_ITEM	LAW_RUNE	Essence		
Rune	EVO_ITEM	DEATH_RUNE	Essence		
Rune	EVO_ITEM	BLOOD_RUNE	Essence		
Rune	EVO_ITEM	SOUL_RUNE	Essence		
Rune	EVO_ITEM	CHAOS_RUNE	Essence		
					
Animawhal	EVO_LEVEL	50	Animasaurus		
					
					
Minitrice	EVO_LEVEL_DAY	30	Cockatrice		
Minitrice	EVO_LEVEL_NIGHT	30	Cockatrice_OSRS_Form		
Minitrice	EVO_SPECIFIC_MON_IN_PARTY	Guthraptor	Guthatrice		
Minitrice	EVO_SPECIFIC_MON_IN_PARTY	Zamohawk	Zamatrice		
Minitrice	EVO_SPECIFIC_MON_IN_PARTY	Saraowl	Saratrice		
Minitrice	EVO_SPECIFIC_MON_IN_PARTY	RAVEN_NORMAL_FORM	Corxatrice		
Minitrice	EVO_SPECIFIC_MON_IN_PARTY	Vulture	Vulatrice		
Minitrice	EVO_SPECIFIC_MON_IN_PARTY	Penguin	Pengatrice		
Minitrice	EVO_ITEM	CHOCOLATE_CAKE	Chocatrice		
Cockatrice_OSRS_Form	EVO_LEVEL_NIGHT	42	Cockathrice		
Cockatrice_OSRS_Form	EVO_LEVEL_DAY	42	Cockatrice_Moonlight		
					
Bloodveld	EVO_LEVEL_ATK_GT_SPATK	28	Bloodveld_Insatiable_Physical_Form		
Bloodveld	EVO_LEVEL_ATK_LT_SPATK	28	Bloodveld_Insatiable_Special_Form		
Bloodveld_Insatiable_Physical_Form	EVO_LEVEL	43	Bloodveld_Mutated_Physical_Form		
Bloodveld_Insatiable_Physical_Form	EVO_ITEM	BLOOD_RUNE	Bloodveld_Vampiric_Form		
Bloodveld_Insatiable_Physical_Form	EVO_ITEM	BODY_RUNE	Reaver		
Bloodveld_Insatiable_Physical_Form	EVO_LEVEL_POISON_TYPE_MON_IN_PARTY	43	Bloodveld_Acidic_Form		
Bloodveld_Insatiable_Special_Form	EVO_LEVEL	43	Bloodveld_Mutated_Special_Form		
Bloodveld_Insatiable_Special_Form	EVO_ITEM	BLOOD_RUNE	Bloodveld_Rs3_Form		
Bloodveld_Insatiable_Special_Form	EVO_ITEM	DEATH_RUNE	Bloodveld_Reanimated_Form		
Bloodveld_Insatiable_Special_Form	EVO_LEVEL_BUG_TYPE_MON_IN_PARTY	43	Bloodveld_Insatiable_Mutated_Form		
					
Tz_Kih	EVO_LEVEL	22	Tz_Kek		
Tz_Kih	EVO_ITEM	SPIRIT CHARM	Tz_Kih_Spirit_Form		
Tz_Kek	EVO_LEVEL	36	Tok_Xil		
Ket_Dill	EVO_SPECIFIC_MON_IN_PARTY	Spookaxe	Ket_Zek		
Ket_Dill	EVO_LEVEL	47	Ket_Zek		
Yt_HurKot	EVO_LEVEL	33	Yt_MejKot		
TzRek_Jad	EVO_FRIENDSHIP	220	TzTok_Jad		
TzRek_Jad	EVO_ITEM	BLOOD_RUNE	JalTok_Jad		
					
					
Jal_MejRah	EVO_LEVEL	22	Jal_Ak		
Jal_Ak	EVO_LEVEL	36	Jal_Xil		
Jal_Nib	EVO_LEVEL_ATK_GT_DEF	32	Jal_ImKot		
Jal_Nib	EVO_LEVEL_ATK_LT_DEF	32	Jal_Zek		
Jal_Nib	EVO_ITEM	LIFE_RUNE	TzKal_Zuk		
					
Shaikah	EVO_ITEM	NATURE_RUNE	Jaguar_Orange_Form		
Jaguar_Orange_Form	EVO_FRIENDSHIP	200	Jaguar_Black_Form		
Shaikah	EVO_ITEM	LAW_RUNE	Growler		
					
Baby_Yak	EVO_FRIENDSHIP	220	Yak_Normal_Form		
Yak_Normal_Form	EVO_LEVEL_DAY	34	Yak_Pack_Form		
Yak_Normal_Form	EVO_LEVEL_NIGHT	34	Yak_Snack_Form		
Yak_Normal_Form	EVO_SPECIFIC_MON_IN_PARTY	Yak_Pack_Form	Yak_Sacred_Form		
Yak_Normal_Form	EVO_ITEM	LAW_RUNE	Yak_ClueScroll_Form		
Yak_Normal_Form	EVO_ITEM	DEATH_RUNE	Yak_Undead_Form		
Yak_Normal_Form	EVO_ITEM	CHAOS_RUNE	Yak_Moorrissey_Form		
Yak_Normal_Form	EVO_SPECIFIC_MON_IN_PARTY	Abyssal_Demon_Form	Yak_Moorrissey_Form		
Yak_Normal_Form	EVO_ITEM	CHOCOLATE_CAKE	Yak_Robin_Form		
Yak_Normal_Form	EVO_SPECIFIC_MON_IN_PARTY	Snow_Imp	Yak_Robin_Form		
Yak_Normal_Form	EVO_ITEM	COSMIC_RUNE	Yak_Yaktrick_Form		
Yak_Normal_Form	EVO_ITEM	NATURE_RUNE	Yak_Lumber_Form		
Yak_Normal_Form	EVO_SPECIFIC_MON_IN_PARTY	Dead_Tree	Yak_Lumber_Form		
Yak_Normal_Form	EVO_SPECIFIC_MON_IN_PARTY	Spookaxe	Yak_Lumber_Form		
Yak_Lumber_Form	EVO_SPECIFIC_MON_IN_PARTY	Beaver	Yak_Normal_Form		
Yak_Lumber_Form	EVO_SPECIFIC_MON_IN_PARTY	Giant_Beaver	Yak_Normal_Form		
Yak_Snack_Form	EVO_SPECIFIC_MON_IN_PARTY	Behemoth_Gluttonous_Form	Yak_Normal_Form		
					
Desert_Sole	EVO_LEVEL	35	Goblinfish		
					
Graahk_Normal_Form	EVO_ITEM	SPIRIT_CHARM	Graahk_Spirit_Form		
Graahk_Normal_Form	EVO_ITEM	DEATH_RUNE	Graahk_Forsaken_Form		
					
Frogspawn	EVO_LEVEL	10	Frog_Normal_Form		
Frog_Normal_Form	EVO_LEVEL	20	Giant_Frog_Normal_Form		
Frog_Normal_Form	EVO_ITEM	AIR_RUNE	Frog_Bloated_Form		
Frog_Normal_Form	EVO_MOVE_TYPE	POISON	Toad_Barker_Form		
Frog_Normal_Form	EVO_SPECIFIC_MON_IN_PARTY	Eel_Slimy_Form	Frogeel		
Frogeel	EVO_ITEM	LIFE_RUNE	Shadeel		
Giant_Frog_Normal_Form	EVO_LEVEL	30	Giant_Frog_Royal_Form		
Frog_Bloated_Form	EVO_ITEM	AIR_RUNE	Frog_Balloon_Form		
					
Platypode	EVO_FRIENDSHIP	200	Platypus		
					
Phoenling_Rebirth_Form	EVO_MOVE	HEAT_WAVE	Phoenix_Rebirth_Form		
Phoenling_Rebirth_Form	EVO_SPECIFIC_MON_IN_PARTY	Reborn_Warrior	Phoenix_Rebirth_Form		
Phoenling_Rebirth_Form	EVO_SPECIFIC_MON_IN_PARTY	Reborn_Ranger	Phoenix_Rebirth_Form		
Phoenling_Rebirth_Form	EVO_SPECIFIC_MON_IN_PARTY	Reborn_Mage	Phoenix_Rebirth_Form		
Phoenling_Reborn_Form	EVO_MOVE	INFERNO	Phoenix_Reborn_Form		
Phoenling_Reborn_Form	EVO_SPECIFIC_MON_IN_PARTY	Reborn_Warrior	Phoenix_Reborn_Form		
Phoenling_Reborn_Form	EVO_SPECIFIC_MON_IN_PARTY	Reborn_Ranger	Phoenix_Reborn_Form		
Phoenling_Reborn_Form	EVO_SPECIFIC_MON_IN_PARTY	Reborn_Mage	Phoenix_Reborn_Form		
					
Peepling	EVO_LEVEL	30	Sneakrpeep		
Peepling	EVO_ITEM	MIND_RUNE	Stalker		
Peepling	EVO_SPECIFIC_MON_IN_PARTY	Flesh_Spoiler_Naked_Form	Flesh_Spoiler_Spawnling		
Stalker	EVO_LEVEL_DAY	38	Soulseeker		
Stalker	EVO_LEVEL_NIGHT	38	Stalker_Sentinel_Form		
Soulseeker	EVO_ITEM	AIR_RUNE	Plane_Freezer		
Soulseeker	EVO_LEVEL	46	World_Gorger		
Soulseeker	EVO_ITEM	FIRE_RUNE	Veil_Ripper		
Stalker_Sentinel_Form	EVO_LEVEL	46	Night_Gazer		
Stalker_Sentinel_Form	EVO_ITEM	BODY_RUNE	Shadow_Forger		
Stalker_Sentinel_Form	EVO_ITEM	BLOOD_RUNE	Flesh_Spoiler_Covered_Form		
Stalker_Sentinel_Form	EVO_LEVEL	46	Flesh_Spoiler_Covered_Form		
Stalker_Sentinel_Form	EVO_ITEM	BLOOD_RUNE	Caustic_Gazer		
Stalker_Sentinel_Form	EVO_ITEM	MIND_RUNE	Iris_Stalker		
					
					
Chinchompa_Baby	EVO_LEVEL_DAY	16	Chinchompa_Grey_Baby		
Chinchompa_Baby	EVO_LEVEL_NIGHT	16	Chinchompa_Red_Baby		
Chinchompa_Baby	EVO_MOVE	EXPLOSION	CHINCHOMPA_GIANT		
Chinchompa_Grey_Baby	EVO_LEVEL	28	Chinchompa_Grey_Form		
Chinchompa_Red_Baby	EVO_LEVEL	28	Chinchompa_Red_Form		
Chinchompa_Grey_Form	EVO_LEVEL	42	Chinchompa_Cobalt		
Chinchompa_Grey_Form	EVO_ITEM	BODY_RUNE	Chinchompa_Plutonial		
Chinchompa_Grey_Form	EVO_MOVE	EXPLOSION	Chinchompa_Viridian		
Chinchompa_Grey_Form	EVO_ITEM	ASTRAL_RUNE	Chinchompa_Crystal		
Chinchompa_Red_Form	EVO_MOVE	EXPLOSION	Chinchompa_Black		
Chinchompa_Red_Form	EVO_ITEM	BODY_RUNE	Chinchompa_Gold_Form		
Chinchompa_Red_Form	EVO_ITEM	AIR_RUNE	Chinchompa_Mechanized		
Chinchompa_Red_Form	EVO_LEVEL	42	Chinchompa_Crimson		
					
Foal	EVO_LEVEL_DAY	25	Unicorn_White_Form		
Foal	EVO_LEVEL_NIGHT	25	Unicorn_Black_Form		
Foal	EVO_SPECIFIC_MON_IN_PARTY	Sheep_Black_Form	Unicorn_Black_Form		
Unicorn_White_Form	EVO_ITEM	SPIRIT_CHARM	Unicorn_Stallion_Form		
Unicorn_White_Form	EVO_LEVEL	40	Starlight		
Unicorn_White_Form	EVO_ITEM	CHAOS_RUNE	Unicorn_Gauntlet_Corrupted_Form		
Unicorn_Black_Form	EVO_ITEM	DEATH_RUNE	Unicorn_Reanimated_Form		
Unicorn_Black_Form	EVO_LEVEL	40	Unicorn_Angry_Form		
Unicorn_Black_Form	EVO_ITEM	ASTRAL_RUNE	Unicorn_Gauntlet_Crystalline_Form		
					
Bat	EVO_LEVEL_NIGHT	24	Giant_Bat		
Bat	EVO_LEVEL_DAY	24	Bat_Box_Form		
Bat	EVO_ITEM	BLOOD_RUNE	VampyreBat		
Bat	EVO_SPECIFIC_MON_IN_PARTY	Bloodveld	VampyreBat		
Giant_Bat	EVO_LEVEL_NIGHT	32	Albino_Bat		
Giant_Bat	EVO_ITEM	SPIRIT_SHARD	Fruit_Bat		
Giant_Bat	EVO_LEVEL_DAY	32	Deathwing		
Giant_Bat	EVO_ITEM	CHAOS_RUNE	Bat_Gauntlet_Corrupted_Form		
Giant_Bat	EVO_ITEM	BLOOD_RUNE	VampyreBat		
Bat_Box_Form	EVO_LEVEL_DAY	32	Warped_Bat		
Bat_Box_Form	EVO_LEVEL_NIGHT	32	VampyreBat		
Bat_Box_Form	EVO_ITEM	ASTRAL_RUNE	Kryket_Bat		
Bat_Box_Form	EVO_ITEM	BLOOD_RUNE	VampyreBat		
Bat_Box_Form	EVO_ITEM	ASTRAL_RUNE	Bat_Gauntlet_Crystalline_Form		
					
Wolf_Juvenile_Form	EVO_LEVEL_ATK_EQ_SPATK	20	Wolf_Normal_Form		
Wolf_Juvenile_Form	EVO_LEVEL_ATK_LT_SPATK	20	Wolf_Fenris_Form		
Wolf_Juvenile_Form	EVO_LEVEL_ATK_GT_SPATK	20	Wolf_White_Form		
Wolf_Juvenile_Form	EVO_LEVEL_DRAGON_TYPE_MON_IN_PARTY	20	Rover		
Wolf_Juvenile_Form	EVO_SPECIFIC_MON_IN_PARTY	Monkey_Normal_Form	Experiment_4_Form		
Wolf_Juvenile_Form	EVO_SPECIFIC_MON_IN_PARTY	Animated_Book	Guard_Dog		
Wolf_Normal_Form	EVO_LEVEL	40	Wolf_Dire_Form		
Wolf_Normal_Form	EVO_ITEM	NATURE_RUNE	Wolf_Jungle_Form		
Wolf_Fenris_Form	EVO_LEVEL	40	Wolf_Skoll_Form		
Wolf_Fenris_Form	EVO_ITEM	EARTH_RUNE	Wolf_Desert_Form		
Wolf_White_Form	EVO_LEVEL	40	Wolf_Hati_Hati		
Wolf_White_Form	EVO_ITEM	SPIRIT_CHARM	Wolf_Spirit_Form		
Rover	EVO_LEVEL	40	Wolf_Cave_Form		
Rover	EVO_ITEM	BODY_RUNE	Wolf_Dragon_Form		
					
					
Fox	EVO_MOVE	HEX	Inari		
Fox	EVO_SPECIFIC_MON_IN_PARTY	Chicken_Varrock_Form	Fox_RecruitmentDrive		//I probably could code it to check to see if a specific species / family group
Fox	EVO_SPECIFIC_MON_IN_PARTY	Chicken_Normal_Form	Fox_RecruitmentDrive		
Fox	EVO_SPECIFIC_MON_IN_PARTY	Chicken_Karamja_Form	Fox_RecruitmentDrive		
Fox	EVO_SPECIFIC_MON_IN_PARTY	Chicken_Bandosian_Form	Fox_RecruitmentDrive		
Fox	EVO_SPECIFIC_MON_IN_PARTY	Rooster_Normal_Form	Fox_RecruitmentDrive		
Fox	EVO_SPECIFIC_MON_IN_PARTY	Rooster_Karamja_Form	Fox_RecruitmentDrive		
Fox	EVO_SPECIFIC_MON_IN_PARTY	Rooster_Bandosian_Form	Fox_RecruitmentDrive		
Fox	EVO_SPECIFIC_MON_IN_PARTY	Rooster_Varrock_Form	Fox_RecruitmentDrive		
Fox	EVO_ITEM	FIRE_RUNE	Fox_Pyre		
Fox	EVO_ITEM	EARTH_RUNE	Fox_Fennec		
					
Crawler_Cave_Form	EVO_LEVEL	29	Crawler_Chasm_Form		
Crawler_Chasm_Form	EVO_LEVEL	40	Crawler_Monstrous_Form		
					
Winston	EVO_LEVEL_DAY	30	Tortoise_Normal_Form		
Winston	EVO_LEVEL_NIGHT	30	Tortoise_War_Form		
Winston	EVO_ITEM	WATER RUNE	Sea_Turtle		
Winston	EVO_ITEM	NATURE_RUNE	Herbert		
Tortoise_Normal_Form	EVO_LEVEL	38	Tortoise_Warped_Form		
Tortoise_Normal_Form	EVO_ITEM	TEAR_OF_GUTHIX	Valluta		
Tortoise_War_Form	EVO_LEVEL	38	Tortle		
Tortoise_War_Form	EVO_ITEM	TEAR_OF_GUTHIX	Valluta		
Sea_Turtle	EVO_LEVEL	38	Sea_Turtle_Treasure_Form		
Herbert	EVO_LEVEL	38	Xinachto		
					
Cave_Slime	EVO_LEVEL_DAY	24	Jelly_Normal_Form		
Cave_Slime	EVO_LEVEL_GHOST_TYPE_MON_IN_PARTY	24	AbbySpectr		
Cave_Slime	EVO_LEVEL_DARK_TYPE_MON_IN_PARTY	24	Slime_LilGloop		
Cave_Slime	EVO_ITEM	CHOCOLATE_CAKE	Karamel		
Cave_Slime	EVO_LEVEL_NIGHT	24	Jelly_Alternate_Form		
Jelly_Normal_Form	EVO_LEVEL	38	Jelly_Warped_Form		
Jelly_Normal_Form	EVO_ITEM	SPIRIT CHARM	Jelly_Spirit_Form		
Jelly_Normal_Form	EVO_ITEM	CHOCOLATE_CAKE	Jelly_Warped_Vitreous_Form		
Jelly_Alternate_Form	EVO_LEVEL_DAY	38	Jelly_Trollweiss_Form		
Jelly_Alternate_Form	EVO_LEVEL_NIGHT	38	Jelly_Dungeoneering_Form		
Jelly_Alternate_Form	EVO_ITEM	CHOCOLATE_CAKE	Jelly_Vitreous_Form		
Slime_LilGloop	EVO_LEVEL_MALE	38	Slime_King		
Slime_LilGloop	EVO_LEVEL_FEMALE	38	Slime_Queen		
					
Hand_Creeping_Form	EVO_LEVEL	24	Hand_Crawling_Form		
Hand_Creeping_Form	EVO_SPECIFIC_MON_IN_PARTY	Hand_Crawling_Form	Hand_BrokenFingers_Form		
Hand_Crawling_Form	EVO_MOVE	BONE RUSH	Hand_Skeletal_Form		
Hand_Crawling_Form	EVO_MOVE	CRUSH GRIP	Hand_Crushing_Form		
Hand_Crawling_Form	EVO_LEVEL	38	Hand_Zombie_Form		
Hand_Crawling_Form	EVO_ITEM	NATURE_RUNE	Hand_Farmhand_Form		
Hand_Crawling_Form	EVO_ITEM	BODY_RUNE	Hand_Stuffed_Form		
Hand_Crawling_Form	EVO_ITEM	CHAOS_RUNE	Hand_Dungeoneering_Form		
Hand_BrokenFingers_Form	EVO_LEVEL	38	Hand_DeadHand_Form		
					
Pawya	EVO_LEVEL	34	Grenwall		
					
Plant_Strange_Form	EVO_FRIENDSHIP	220	Plant_Stranger_Form		
Plant_Stranger_Form	EVO_LEVEL_DARK_TYPE_MON_IN_PARTY	40	EvilTurnip		
Plant_Stranger_Form	EVO_LEVEL	40	Jade_Vine		
					
Bear_Cub	EVO_LEVEL_MAP_MISTHALIN	25	Bear_Normal_Form		
Bear_Cub	EVO_LEVEL_MAP_ASGARNIA	25	Bear_Normal_Form		
Bear_Cub	EVO_LEVEL_MAP_WILDERNESS	25	Bear_Normal_Form		
Bear_Cub	EVO_LEVEL_MAP_MORYTANIA	25	Bear_Grizzly_Form		
Bear_Cub	EVO_LEVEL_MAP_KARAMJA	25	Bear_Grizzly_Form		
Bear_Cub	EVO_LEVEL_MAP_KANDARIN	25	Bear_Grizzly_Form		
Bear_Cub	EVO_LEVEL_MAP_DESERT	25	Bear_Grizzly_Form		
Bear_Cub	EVO_LEVEL_MAP_FREMENNIK	25	Polar_Bear_Normal_Form		
Bear_Cub	EVO_ITEM	MIND_RUNE	Bear_Normal_Form		
Bear_Cub	EVO_ITEM	MUD_RUNE	Bear_Grizzly_Form		
Bear_Cub	EVO_ITEM	MIST_RUNE	Polar_Bear_Normal_Form		
Bear_Normal_Form	EVO_LEVEL	41	Kendall		
Bear_Normal_Form	EVO_ITEM	ASTRAL_RUNE	Bear_Gauntlet_Crystalline_Form		
Bear_Normal_Form	EVO_ITEM	LIFE_RUNE	Callisto		
Bear_Normal_Form	EVO_ITEM	DEATH_RUNE	Headless_Beast		
Polar_Bear_Normal_Form	EVO_LEVEL_DAY	41	Polar_Bear_Arctic_Form		
Polar_Bear_Normal_Form	EVO_ITEM	FIRE_RUNE	Polar_Bear_Nanuq_Form		
Polar_Bear_Normal_Form	EVO_LEVEL_NIGHT	41	Polar_Bear_PBJ_Agent_Form		
Polar_Bear_Normal_Form	EVO_ITEM	CHAOS_RUNE	Polar_Bear_Punished		
Bear_Grizzly_Form	EVO_LEVEL	41	Bear_Angry_Form		
Bear_Grizzly_Form	EVO_ITEM	DEATH_RUNE	Bear_Reanimated_Form		
Bear_Grizzly_Form	EVO_ITEM	CHAOS_RUNE	Bear_Gauntlet_Corrupted_Form		
					
Turoth	EVO_LEVEL_DAY	45	Turoth_Mightiest_Form		
Turoth	EVO_LEVEL_NIGHT	45	Big_Turoth		
Turoth	EVO_ITEM	LIFE_RUNE	Sockroth		
					
DesertWyrm	EVO_LEVEL	44	Wyrm		
					
Lilrask	EVO_FRIENDSHIP_DAY	220	Kurask		
Kurask	EVO_LEVEL_DAY	50	Kurask_King_Form		
Kurask	EVO_LEVEL_NIGHT	50	Kurask_Overlord_Form		
					
Jellyfish_Blubber_Form	EVO_LEVEL	40	Jellyfish		
					
Toucan_Tenacious_Male_Form	EVO_LEVEL	32	Toucan_Tuai_Leit_Form		
Toucan_Tenacious_Female_Form	EVO_LEVEL	32	Toucan_Tuai_Leit_Form		
					
Kebbit	EVO_LEVEL_DEF_EQ_SPE	15	Kebbit_Polar_Form		
Kebbit	EVO_LEVEL_DEF_GT_SPE	15	Kebbit_Spotted_Form		
Kebbit	EVO_LEVEL_DEF_LT_SPE	15	Kebbit_Wild_Form		
Kebbit_Polar_Form	EVO_LEVEL	32	Kebbit_Sabre_Form		
Kebbit_Spotted_Form	EVO_LEVEL	25	Kebbit_Dark_Form		
Kebbit_Dark_Form	EVO_LEVEL	32	Kebbit_Dashing_Form		
Kebbit_Wild_Form	EVO_LEVEL	25	Kebbit_Prickly_Form		
Kebbit_Prickly_Form	EVO_LEVEL_DAY	32	Kebbit_Razor_Form		
Kebbit_Prickly_Form	EVO_LEVEL_NIGHT	32	Kebbit_Big_Form		
Kebbit_DesertDevil_Form	EVO_LEVEL	15	Kebbit_Feldip_Weasel_Form		
Kebbit_DesertDevil_Form	EVO_ITEM	CHOCOLATE_CAKE	Kebbit_Chocolate_Form		
Kebbit_Feldip_Weasel_Form	EVO_LEVEL	23	Kebbit_Barbed_Form		
Kebbit_Barbed_Form	EVO_MOVE_TYPE	POISON	Kebbit_Diseased_Form		
					
Salamander_Green_Form	EVO_LEVEL	15	Salamander_Orange_Form		
Salamander_Green_Form	EVO_SPECIFIC_MON_IN_PARTY	Killerwatt	Salamander_Augmented_Form		
Salamander_Orange_Form	EVO_LEVEL	25	Salamander_Red_Form		
Salamander_Orange_Form	EVO_LEVEL_MAP_KARAMJA	25	Gecko		
Salamander_Red_Form	EVO_LEVEL	35	Salamander_Black_Form		
Salamander_Red_Form	EVO_ITEM	FIRE RUNE	Salamander_Yellow_Form		
Salamander_Black_Form	EVO_ITEM	FIRE RUNE	Salamander_Augmented_Form		
Salamander_Black_Form	EVO_LEVEL	45	Salamander_Tecu		
Gecko	EVO_LEVEL	35	Chameleon		
Gecko	EVO_SPECIFIC_MON_IN_PARTY	Shark_Normal_Form	Sharkizard		
					
Baby_Mole	EVO_ITEM	LIFE_RUNE	Giant_Mole		
					
					
					
Cabbage	EVO_LEVEL	23	Cabbage_Sister_Form		
Cabbage	EVO_ITEM	FIRE_RUNE	Cabbage_Crispy_Form		
Cabbage	EVO_ITEM	CHAOS_RUNE	Cabbage_Shattered_World_Form		
Cabbage	EVO_ITEM	TEAR_OF_GUTHIX	BalanceEle		
Cabbage	EVO_ITEM	CHOCOLATE_CAKE	Dessourt		
					
Light_Creature	EVO_LEVEL	30	Killerwatt		
Light_Creature	EVO_ITEM	TEAR_OF_GUTHIX	BalanceEle		
					
Dark_Beast_Pup_Form	EVO_LEVEL	40	Dark_Beast_Normal_Form		
Dark_Beast_Normal_Form	EVO_ITEM	BLOOD_RUNE	Dark_Beast_Sotetseg_Form		
Dark_Beast_Normal_Form	EVO_ITEM	CHAOS_RUNE	Dark_Beast_Gauntlet_Corrupted_Form		
Dark_Beast_Normal_Form	EVO_ITEM	ASTRAL_RUNE	Dark_Beast_Gauntlet_Crystalline_Form		
					
Beaver	EVO_LEVEL	30	Giant_Beaver		
					
Ferret	EVO_LEVEL	15	Racoon		
Racoon	EVO_LEVEL_DAY	30	Ralph		
Racoon	EVO_LEVEL_NIGHT	30	Rocky		
Racoon	EVO_ITEM	CHAOS_RUNE	Honey_Badger		
					
Squirrel	EVO_LEVEL	30	Sparky		
Squirrel	EVO_ITEM	AIR_RUNE	Squirrel_Giant_Form		
Squirrel	EVO_ITEM	EARTH_RUNE	Squirrel_Australian_Form		
					
Crocodile_Normal_Form	EVO_LEVEL	38	Crocodile_Mutadile_Form		
Crocodile_Normal_Form	EVO_ITEM	SOUL_RUNE	Crocodile_Ankh_Form		
Crocodile_Normal_Form	EVO_SPECIFIC_MON_IN_PARTY	Behemoth_Gluttonous_Form	Crocodile_Ukunduka_Form		
Crocodile_Normal_Form	EVO_ITEM	WATER RUNE	Crocodile_Red_Form		
Crocodile_Normal_Form	EVO_ITEM	CHAOS_RUNE	Zebak		
					
Anichair	EVO_LEVEL	34	Marionette		
					
Runtstable	EVO_LEVEL	30	Grifolaroo		
Grifolaroo	EVO_LEVEL	40	Grifolapine		
Grifolapine	EVO_LEVEL	50	Ganodermic_Beast		
Exoraxe	EVO_SPECIFIC_MON_IN_PARTY	Ganodermic_Beast	Sporaxe		
					
Dobbin	EVO_LEVEL	25	Animour		
Animour	EVO_LEVEL_ATK_GT_SPATK	40	Spirit_Warrior		
Animour	EVO_LEVEL_ATK_LT_SPATK	40	Spirit_Mage		
Animour	EVO_LEVEL_ATK_EQ_SPATK	40	Spirit_Ranger		
Animour	EVO_SPECIFIC_MON_IN_PARTY	Tome_of_Strength	Spirit_Warrior		
Animour	EVO_SPECIFIC_MON_IN_PARTY	Tome_of_Ranged	Spirit_Ranger		
Animour	EVO_SPECIFIC_MON_IN_PARTY	Tome_of_Magic	Spirit_Mage		
Animour	EVO_SPECIFIC_MON_IN_PARTY	Saraowl	Spirit_Warrior		
Animour	EVO_SPECIFIC_MON_IN_PARTY	Zamohawk	Spirit_Ranger		
Animour	EVO_SPECIFIC_MON_IN_PARTY	Armafalcon	Spirit_Mage		
					
Basilisk_Baby_Form	EVO_LEVEL_DAY	30	Basilisk_RS3_Form		
Basilisk_Baby_Form	EVO_LEVEL_NIGHT	30	Basilisk_OSRS_Form		
Basilisk_RS3_Form	EVO_LEVEL	42	Basilisk		
Basilisk_OSRS_Form	EVO_LEVEL	42	Basilisk_Knight_Form		
					
Protomastyx	EVO_LEVEL_ATK_EQ_SPATK	23	submastyx		
Protomastyx	EVO_ITEM	CHOCOLATE_CAKE	Tyrannomastyx		
Protomastyx	EVO_LEVEL_ATK_LT_SPATK	23	paramastyx		
Protomastyx	EVO_LEVEL_ATK_GT_SPATK	23	archaemastyx		
Protomastyx	EVO_ITEM	BODY_RUNE	dromomastyx		
submastyx	EVO_LEVEL	32	spinomastyx		
paramastyx	EVO_LEVEL	32	gallimastyx		
archaemastyx	EVO_LEVEL	32	stegomastyx		
dromomastyx	EVO_LEVEL	32	megamastyx		
Protomastyx	EVO_ITEM	CHOCOLATE_CAKE	Tyrannomastyx		
					
Penance_Spawn	EVO_LEVEL_ATK_EQ_SPATK	30	Penance_Healer		
Penance_Spawn	EVO_SPECIFIC_MON_IN_PARTY	Tome_of_Ranged	Penance_Ranger		
Penance_Spawn	EVO_LEVEL_ATK_LT_SPATK	30	Penance_Fighter		
Penance_Spawn	EVO_LEVEL_ATK_GT_SPATK	30	Penance_Ranger		
Penance_Spawn	EVO_ITEM	BODY_RUNE	Penance_Runner		
Penance_Healer	EVO_ITEM	LIFE_RUNE	Penance_Queen		
Penance_Ranger	EVO_ITEM	LIFE_RUNE	Penance_King		
					
Void_Leech	EVO_LEVEL_PERSONALITY_ONE	10	Void_Torcher		
Void_Leech	EVO_LEVEL_PERSONALITY_TWO	10	Void_Shifter		
Void_Leech	EVO_LEVEL_PERSONALITY_THREE	10	Void_Brawler		
Void_Leech	EVO_LEVEL_PERSONALITY_FOUR	10	Void_Defiler		
Void_Leech	EVO_LEVEL_PERSONALITY_FIVE	10	Void_Splatter		
Void_Leech	EVO_LEVEL_PERSONALITY_SIX	10	Void_Ravager		
Void_Leech	EVO_LEVEL_PERSONALITY_SEVEN	10	Void_Spinner		
Void_Leech	EVO_LEVEL_PERSONALITY_EIGHT	10	Void_Drone		
Void_Drone	EVO_ITEM	LIFE_RUNE	Void_Queen		
					
Red_Eye	EVO_LEVEL	25	Flatfish		
Flatfish	EVO_LEVEL	35	Bouldabass		
					
Dark_Core	EVO_LEVEL	70	Corporeal_Beast		
	EVO_ITEM	LIFE_RUNE	Corporeal_Beast_Zanik_Form		
					
Origami_Balloon	EVO_SPECIFIC_MON_IN_PARTY	Kril_Tsutsaroth	Krill_Balloon		
Origami_Balloon	EVO_SPECIFIC_MON_IN_PARTY	Spirit_Ranger	Krill_Balloon		
Origami_Balloon	EVO_LEVEL	30	Balloon_Goat		
Origami_Balloon	EVO_SPECIFIC_MON_IN_PARTY	Evil_Bob	Balloon_Goat		
					
Cockroach_Drone	EVO_LEVEL	25	Cockroach_Worker		
Cockroach_Worker	EVO_LEVEL	37	Cockroach_Soldier		
Cockroach_Worker	EVO_ITEM	MIND_RUNE	Cockroach_Warped_Form		
Cockroach_Worker	EVO_ITEM	TEAR_OF_GUTHIX	Fiara		
Cockroach_Worker	EVO_ITEM	SPIRIT_SHARD	CAVE_BUG		
Cockroach_Worker	EVO_ITEM	AIR_RUNE	Malcolm		
					
					
					
Dead_Tree	EVO_LEVEL_DAY	30	Compost_Mound		
Entling	EVO_LEVEL	30	Ent		
Ent	EVO_SPECIFIC_MON_IN_PARTY	Monkey_Normal_Form	AgrithNaNa		
Ent	EVO_ITEM	CHOCOLATE_CAKE	AgrithNaNa		
Ent	EVO_SPECIFIC_MON_IN_PARTY	Yak_Lumber_Form	Dead_Tree		
Ent	EVO_ITEM	TEAR_OF_GUTHIX	Derwen		
					
Jadinko	EVO_LEVEL	20	Jadinko_Common_Form		
Jadinko_Common_Form	EVO_LEVEL	35	Jadinko_Male_Form		
Jadinko_Common_Form	EVO_ITEM	LIFE_RUNE	Jadinko_Queen		
					
Zygomite	EVO_LEVEL_DAY	41	Zygomite_Magical_Form		
Zygomite	EVO_LEVEL_NIGHT	41	Zygomite_Zanarian_Form		
Zygomite	EVO_ITEM	ASTRAL_RUNE	Zygomite_Arcspore_Form		
Zygomite	EVO_ITEM	EARTH_RUNE	Zygomite_Daemoncap_Form		
Zygomite	EVO_ITEM	NATURE_RUNE	Zygomite_Ancient_Form		
					
Animated_Book	EVO_LEVEL_ATK_EQ_SPATK	35	Tome_of_Ranged		
Animated_Book	EVO_LEVEL_ATK_LT_SPATK	35	Tome_of_Magic		
Animated_Book	EVO_LEVEL_ATK_GT_SPATK	35	Tome_of_Strength		
					
Karambwanj	EVO_LEVEL	36	Karambwan		
Karambwan	EVO_LEVEL	45	Sea_Troll_Queen		
Pet_Fish	EVO_SPECIFIC_MON_IN_PARTY	Karambwan	Karamthulu_Overlord		
					
Guthling	EVO_LEVEL	16	Guthbird		
Guthbird	EVO_LEVEL	36	Guthraptor		
Zamling	EVO_LEVEL	16	Zambird		
Zambird	EVO_LEVEL	36	Zamohawk		
Saraling	EVO_LEVEL	16	Sarabird		
Sarabird	EVO_LEVEL	36	Saraowl		
Bandling	EVO_LEVEL	16	Bandbird		
Bandbird	EVO_LEVEL	36	Bandeagle		
Zaroling	EVO_LEVEL	16	Zarobird		
Zarobird	EVO_LEVEL	36	Zaraven		
Sereling	EVO_LEVEL	16	Serebird		
Serebird	EVO_LEVEL	36	Serepea		
Armaling	EVO_LEVEL	16	Armabird		
Armabird	EVO_LEVEL	36	Armafalcon		
Ungodling	EVO_LEVEL	16	Ungodbird		
Ungodbird	EVO_LEVEL	36	Ungodgeon		
Tumekling	EVO_LEVEL	16	Tumekbird		
Tumekbird	EVO_LEVEL	36	Tumekibis		
Birds_Nest_God_Form	EVO_ITEM	NATURE_RUNE	Guthling		
Birds_Nest_God_Form	EVO_ITEM	FIRE_RUNE	Zamling		
Birds_Nest_God_Form	EVO_ITEM	WATER_RUNE	Saraling		
Birds_Nest_God_Form	EVO_ITEM	EARTH_RUNE	Bandling		
Birds_Nest_God_Form	EVO_ITEM	AIR_RUNE	Armaling		
Birds_Nest_God_Form	EVO_ITEM	COSMIC_RUNE	Zaroling		
Birds_Nest_God_Form	EVO_ITEM	ASTRAL_RUNE	Sereling		
Birds_Nest_God_Form	EVO_ITEM	BODY_RUNE	Ungodling		
Birds_Nest_God_Form	EVO_ITEM	SOUL_RUNE	Tumekling		
					
					
					
					
					
					
MEGA EVOLUTIONS					
Sailfish	EVO_MEGA	FRAGMENT_OF_JAS	Thallasus	Sailfish	
Hellhound	EVO_MEGA	FRAGMENT_OF_JAS	Cerberus	Hellhound	
Kalphite_Queen_Form	EVO_MEGA	FRAGMENT_OF_JAS	Kalphite_Queen_Mega_Form	KalphiteQueen	
Wolperting	EVO_MEGA	FRAGMENT_OF_JAS	Wolpertinger_Mega_Form	Wolpertinger	
Dagannoth_King_Range_Form	EVO_MEGA	FRAGMENT_OF_JAS	Dagannoth_King_Range_Mega_Form	DagannothKing	
Dagannoth_King_Magic_Form	EVO_MEGA	FRAGMENT_OF_JAS	Dagannoth_King_Magic_Mega_Form	DagannothKing	
Dagannoth_King_Melee_Form	EVO_MEGA	FRAGMENT_OF_JAS	Dagannoth_King_Melee_Mega_Form	DagannothKing	
Glacor	EVO_MEGA	FRAGMENT_OF_JAS	Glacor_Arch_Form	Glacor	
Guthixian_Butterfly	EVO_MEGA	FRAGMENT_OF_JAS	Treborn	GuthixianButterfly	
TzTok_Jad	EVO_MEGA	FRAGMENT_OF_JAS	TzTok_Jad_HD_Mega_Form	TzTokJad	
TzTok_Jad	EVO_MEGA	FRAGMENT_OF_JAS	TzTok_Jad_RS3_Mega_Form	TzTokJad	
Wolf_Spirit_Form	EVO_MEGA	FRAGMENT_OF_JAS	Helwyr	Wolf	
Chaos_Ele	EVO_MEGA	FRAGMENT_OF_JAS	Chaos_Ele_Mega_Form	ChaosElemental	
Wall_Beast	EVO_MEGA	FRAGMENT_OF_JAS	Wall_Beast_Mega_Form	WallBeast	
